<?xml version="1.0" encoding="UTF-8" ?>
<!DOCTYPE mapper PUBLIC "-//mybatis.org//DTD Mapper 3.0//EN"
"http://mybatis.org/dtd/mybatis-3-mapper.dtd">

<mapper namespace="reboardns">

	<select id="getTotal" parameterType="int" resultType="int">
		select count(*) from recipe_re where rnum=#{rnum}
	</select>
	
	<select id="list" parameterType="reboard" resultType="reboard">
		select * from (select rownum rn, a.* from (
		  select rre_num, rnum, r.id, re_content,re_date,re_rfile, profile, nickname
		  from recipe_re r,member m where r.id = m.id and rnum=#{rnum} order by rre_num desc	) a	)
		where rn between #{startRow} and #{endRow}
	</select>
	
	<insert id="insert" parameterType="reboard">
		insert into recipe_re values(recipe_re_seq.nextval,#{rnum},
		#{id},#{re_content},sysdate,#{re_rfile, jdbcType=VARCHAR})
	</insert>
	
	<update id="update" parameterType="reboard">
		update recipe_re set re_content=#{re_content},re_rfile=#{re_rfile, jdbcType=VARCHAR}
		where rre_num=#{rre_num}
	</update>
	
	<delete id="delete" parameterType="int">
		delete from recipe_re where rre_num=#{rre_num}
	</delete>
	
	<select id="select" parameterType="int" resultType="reboard">
		select * from recipe_re where rre_num=#{rre_num}
	</select>
	
</mapper>