<?xml version="1.0" encoding="UTF-8" ?>
<!DOCTYPE configuration PUBLIC "-//mybatis.org//DTD Config 3.0//EN"
"http://mybatis.org/dtd/mybatis-3-config.dtd">
<configuration>
	<typeAliases>
	<!-- DTO클래스 경로에 대한 별칭 지정 -->
<!--  예시
	<typeAlias alias="board" type="board1.model.Board" /> 
-->
	<typeAlias alias="Maga" type="recipe.model.MagaBean" />
	<typeAlias alias="MagaRecom" type="recipe.model.MagaRecomBean" />
	<typeAlias alias="MagaReply" type="recipe.model.ReplyMagaBean"/>
	
	</typeAliases>
	

	<!-- 
	<mappers>
		<mapper resource="Maga.xml"/>
	</mappers> 
	-->
</configuration>